{
  "Andhra Pradesh": [
    "Anantapur",
    "Chittoor",
    "East Godavari",
    "Guntur",
    "Krishna",
    "Kurnool",
    "Prakasam",
    "Srikakulam",
    "Sri Potti Sriramulu Nellore",
    "Visakhapatnam",
    "Vizianagaram",
    "West Godavari",
    "YSR"
  ],
  "Arunachal Pradesh": [
    "Anjaw",
    "Changlang",
    "Dibang Valley",
    "East Kameng",
    "East Siang",
    "Kurung Kumey",
    "Lohit",
    "Lower Dibang Valley",
    "Lower Subansiri",
    "Papum Pare",
    "Tawang",
    "Tirap",
    "Upper Siang",
    "Upper Subansiri",
    "West Kameng",
    "West Siang"
  ],
  "Assam": [
    "Baksa",
    "Barpeta",
    "Bongaigaon",
    "Cachar",
    "Chirang",
    "Darrang",
    "Dhemaji",
    "Dhubri",
    "Dibrugarh",
    "Dima Hasao",
    "Goalpara",
    "Golaghat",
    "Hailakandi",
    "Jorhat",
    "Kamrup",
    "Kamrup Metropolitan",
    "Karbi Anglong",
    "Karimganj",
    "Kokrajhar",
    "Lakhimpur",
    "Morigaon",
    "Nagaon",
    "Nalbari",
    "Sivasagar",
    "Sonitpur",
    "Tinsukia",
    "Udalguri"
  ],
  "Bihar": [
    "Araria",
    "Arwal",
    "Aurangabad",
    "Banka",
    "Begusarai",
    "Bhagalpur",
    "Bhojpur",
    "Buxar",
    "Darbhanga",
    "Gaya",
    "Gopalganj",
    "Jamui",
    "Jehanabad",
    "Kaimur (bhabua)",
    "Katihar",
    "Khagaria",
    "Kishanganj",
    "Lakhisarai",
    "Madhepura",
    "Madhubani",
    "Munger",
    "Muzaffarpur",
    "Nalanda",
    "Nawada",
    "Pashchim Champaran",
    "Patna",
    "Purba Champaran",
    "Purnia",
    "Rohtas",
    "Saharsa",
    "Samastipur",
    "Saran (chhapra)",
    "Sheikhpura",
    "Sheohar",
    "Sitamarhi",
    "Siwan",
    "Supaul",
    "Vaishali"
  ],
  "Chandigarh": [
    "Chandigarh"
  ],
  "Chhattisgarh": [
    "Bastar",
    "Bijapur",
    "Bilaspur",
    "Dakshin Bastar Dantewada",
    "Dhamtari",
    "Durg",
    "Janjgir Champa",
    "Jashpur",
    "Kabeerdham",
    "Korba",
    "Koriya",
    "Mahasamund",
    "Narayanpur",
    "Raigarh",
    "Raipur",
    "Rajnandgaon",
    "Surguja",
    "Uttar Bastar Kanker"
  ],
  "Dadra & Nagar Haveli": [
    "Dadra & Nagar Haveli"
  ],
  "Daman & Diu": [
    "Daman",
    "Diu"
  ],
  "Delhi": [
    "Central Delhi",
    "East Delhi",
    "New Delhi",
    "North Delhi",
    "North East Delhi",
    "North West Delhi",
    "South Delhi",
    "South West Delhi",
    "West Delhi"
  ],
  "Goa": [
    "North Goa",
    "South Goa"
  ],
  "Gujarat": [
    "Ahmadabad",
    "Amreli",
    "Anand",
    "Banaskantha",
    "Bharuch",
    "Bhavnagar",
    "Dohad",
    "Gandhinagar",
    "Jamnagar",
    "Junagadh",
    "Kachchh",
    "Kheda",
    "Mahesana",
    "Narmada",
    "Navsari",
    "Panch Mahals",
    "Patan",
    "Porbandar",
    "Rajkot",
    "Sabarkantha",
    "Surat",
    "Surendranagar",
    "Tapi",
    "The Dangs",
    "Vadodara",
    "Valsad"
  ],
  "Haryana": [
    "Ambala",
    "Bhiwani",
    "Faridabad",
    "Fatehabad",
    "Gurgaon",
    "Hisar",
    "Jhajjar",
    "Jind",
    "Kaithal",
    "Karnal",
    "Kurukshetra",
    "Mahendragarh",
    "Mewat",
    "Palwal",
    "Panchkula",
    "Panipat",
    "Rewari",
    "Rohtak",
    "Sirsa",
    "Sonipat",
    "Yamunanagar"
  ],
  "Himachal Pradesh": [
    "Bilaspur",
    "Chamba",
    "Hamirpur",
    "Kangra",
    "Kinnaur",
    "Kullu",
    "Lahul & Spiti",
    "Mandi",
    "Shimla",
    "Sirmaur",
    "Solan",
    "Una"
  ],
  "Jammu & Kashmir": [
    "Anantnag",
    "Badgam",
    "Bandipore",
    "Baramula",
    "Data Not Available",
    "Doda",
    "Ganderbal",
    "Jammu",
    "Kathua",
    "Kishtwar",
    "Kulgam",
    "Kupwara",
    "Pulwama",
    "Punch",
    "Rajouri",
    "Ramban",
    "Reasi",
    "Samba",
    "Shupiyan",
    "Srinagar",
    "Udhampur"
  ],
  "Jharkhand": [
    "Bokaro",
    "Chatra",
    "Deoghar",
    "Dhanbad",
    "Dumka",
    "Garhwa",
    "Giridih",
    "Godda",
    "Gumla",
    "Hazaribagh",
    "Jamtara",
    "Khunti",
    "Kodarma",
    "Latehar",
    "Lohardaga",
    "Pakur",
    "Palamu",
    "Pashchimi Singhbhum",
    "Purbi Singhbhum",
    "Ramgarh",
    "Ranchi",
    "Sahibganj",
    "Saraikela Kharsawan",
    "Simdega"
  ],
  "Karnataka": [
    "Bagalkot",
    "Bangalore",
    "Bangalore Rural",
    "Belgaum",
    "Bellary",
    "Bidar",
    "Bijapur",
    "Chamarajanagar",
    "Chikkaballapura",
    "Chikmagalur",
    "Chitradurga",
    "Dakshina Kannada",
    "Davanagere",
    "Dharwad",
    "Gadag",
    "Gulbarga",
    "Hassan",
    "Haveri",
    "Kodagu",
    "Kolar",
    "Koppal",
    "Mandya",
    "Mysore",
    "Raichur",
    "Ramanagara",
    "Shimoga",
    "Tumkur",
    "Udupi",
    "Uttara Kannada",
    "Yadgir"
  ],
  "Kerala": [
    "Alappuzha",
    "Ernakulam",
    "Idukki",
    "Kannur",
    "Kasaragod",
    "Kollam",
    "Kottayam",
    "Kozhikode",
    "Malappuram",
    "Palakkad",
    "Pathanamthitta",
    "Thiruvananthapuram",
    "Thrissur",
    "Wayanad"
  ],
  "Lakshadweep": [
    "Lakshadweep"
  ],
  "Madhya Pradesh": [
    "Alirajpur",
    "Anuppur",
    "Ashoknagar",
    "Balaghat",
    "Barwani",
    "Betul",
    "Bhind",
    "Bhopal",
    "Burhanpur",
    "Chhattarpur",
    "Chhindwara",
    "Damoh",
    "Datia",
    "Dewas",
    "Dhar",
    "Dindori",
    "East Nimar",
    "Guna",
    "Gwalior",
    "Harda",
    "Hoshangabad",
    "Indore",
    "Jabalpur",
    "Jhabua",
    "Katni",
    "Mandla",
    "Mandsaur",
    "Morena",
    "Narsimhapur",
    "Neemuch",
    "Panna",
    "Raisen",
    "Rajgarh",
    "Ratlam",
    "Rewa",
    "Sagar",
    "Satna",
    "Sehore",
    "Seoni",
    "Shahdol",
    "Shajapur",
    "Sheopur",
    "Shivpuri",
    "Sidhi",
    "Singrauli",
    "Tikamgarh",
    "Ujjain",
    "Umaria",
    "Vidisha",
    "West Nimar"
  ],
  "Maharashtra": [
    "Ahmadnagar",
    "Akola",
    "Amravati",
    "Aurangabad",
    "Bhandara",
    "Bid",
    "Buldana",
    "Chandrapur",
    "Dhule",
    "Gadchiroli",
    "Gondiya",
    "Hingoli",
    "Jalgaon",
    "Jalna",
    "Kolhapur",
    "Latur",
    "Mumbai City",
    "Mumbai Suburban",
    "Nagpur",
    "Nanded",
    "Nandurbar",
    "Nashik",
    "Osmanabad",
    "Parbhani",
    "Pune",
    "Raigarh",
    "Ratnagiri",
    "Sangli",
    "Satara",
    "Sindhudurg",
    "Solapur",
    "Thane",
    "Wardha",
    "Washim",
    "Yavatmal"
  ],
  "Manipur": [
    "Bishnupur",
    "Chandel",
    "Churachandpur",
    "Imphal East",
    "Imphal West",
    "Senapati",
    "Tamenglong",
    "Thoubal",
    "Ukhrul"
  ],
  "Meghalaya": [
    "East Garo Hills",
    "East Khasi Hills",
    "Jaintia Hills",
    "Ri Bhoi",
    "South Garo Hills",
    "West Garo Hills",
    "West Khasi Hills"
  ],
  "Mizoram": [
    "Aizawl",
    "Champhai",
    "Kolasib",
    "Lawangtlai",
    "Lunglei",
    "Mamit",
    "Saiha",
    "Serchhip"
  ],
  "Nagaland": [
    "Dimapur",
    "Kiphire",
    "Kohima",
    "Longleng",
    "Mokokchung",
    "Mon",
    "Peren",
    "Phek",
    "Tuensang",
    "Wokha",
    "Zunheboto"
  ],
  "Odisha": [
    "Anugul",
    "Balangir",
    "Baleshwar",
    "Bargarh",
    "Baudh",
    "Bhadrak",
    "Cuttack",
    "Debagarh",
    "Dhenkanal",
    "Gajapati",
    "Ganjam",
    "Jagatsinghapur",
    "Jajapur",
    "Jharsuguda",
    "Kalahandi",
    "Kandhamal",
    "Kendrapara",
    "Kendujhar",
    "Khordha",
    "Koraput",
    "Malkangiri",
    "Mayurbhanj",
    "Nabarangapur",
    "Nayagarh",
    "Nuapada",
    "Puri",
    "Rayagada",
    "Sambalpur",
    "Subarnapur",
    "Sundargarh"
  ],
  "Puducherry": [
    "Karaikal",
    "Mahe",
    "Puducherry",
    "Yanam"
  ],
  "Punjab": [
    "Amritsar",
    "Barnala",
    "Bathinda",
    "Faridkot",
    "Fatehgarh Sahib",
    "Firozpur",
    "Gurdaspur",
    "Hoshiarpur",
    "Jalandhar",
    "Kapurthala",
    "Ludhiana",
    "Mansa",
    "Moga",
    "Muktsar",
    "Patiala",
    "Rupnagar",
    "Sahibzada Ajit Singh Nagar",
    "Sangrur",
    "Shahid Bhagat Singh Nagar",
    "Tarn Taran"
  ],
  "Rajasthan": [
    "Ajmer",
    "Alwar",
    "Banswara",
    "Baran",
    "Barmer",
    "Bharatpur",
    "Bhilwara",
    "Bikaner",
    "Bundi",
    "Chittaurgarh",
    "Churu",
    "Dausa",
    "Dhaulpur",
    "Dungarpur",
    "Ganganagar",
    "Hanumangarh",
    "Jaipur",
    "Jaisalmer",
    "Jalor",
    "Jhalawar",
    "Jhunjhunun",
    "Jodhpur",
    "Karauli",
    "Kota",
    "Nagaur",
    "Pali",
    "Pratapgarh",
    "Rajsamand",
    "Sawai Madhopur",
    "Sikar",
    "Sirohi",
    "Tonk",
    "Udaipur"
  ],
  "Sikkim": [
    "East Sikkim",
    "North Sikkim",
    "South Sikkim",
    "West Sikkim"
  ],
  "Tamil Nadu": [
    "Ariyalur",
    "Chennai",
    "Coimbatore",
    "Cuddalore",
    "Dharmapuri",
    "Dindigul",
    "Erode",
    "Kancheepuram",
    "Kanniyakumari",
    "Karur",
    "Krishnagiri",
    "Madurai",
    "Nagapattinam",
    "Namakkal",
    "Perambalur",
    "Pudukkottai",
    "Ramanathapuram",
    "Salem",
    "Sivaganga",
    "Thanjavur",
    "Theni",
    "The Nilgiris",
    "Thiruvallur",
    "Thiruvarur",
    "Thoothukkudi",
    "Tiruchirappalli",
    "Tirunelveli",
    "Tiruppur",
    "Tiruvannamalai",
    "Vellore",
    "Viluppuram",
    "Virudhunagar"
  ],
  "Telangana": [
    "Adilabad",
    "Hyderabad",
    "Karimnagar",
    "Khammam",
    "Mahbubnagar",
    "Medak",
    "Nalgonda",
    "Nizamabad",
    "Rangareddy",
    "Warangal"
  ],
  "Tripura": [
    "Dhalai",
    "North Tripura",
    "South Tripura",
    "West Tripura"
  ],
  "Uttar Pradesh": [
    "Agra",
    "Aligarh",
    "Allahabad",
    "Ambedkar Nagar",
    "Auraiya",
    "Azamgarh",
    "Baghpat",
    "Bahraich",
    "Ballia",
    "Balrampur",
    "Banda",
    "Barabanki",
    "Bareilly",
    "Basti",
    "Bijnor",
    "Budaun",
    "Bulandshahar",
    "Chandauli",
    "Chitrakoot",
    "Deoria",
    "Etah",
    "Etawah",
    "Faizabad",
    "Farrukhabad",
    "Fatehpur",
    "Firozabad",
    "Gautam Buddha Nagar",
    "Ghaziabad",
    "Ghazipur",
    "Gonda",
    "Gorakhpur",
    "Hamirpur",
    "Hardoi",
    "Jalaun",
    "Jaunpur",
    "Jhansi",
    "Jyotiba Phule Nagar",
    "Kannauj",
    "Kanpur Nagar",
    "Kanshiram Nagar",
    "Kaushambi",
    "Kheri",
    "Kushinagar",
    "Lalitpur",
    "Lucknow",
    "Mahamaya Nagar",
    "Maharajganj",
    "Mahoba",
    "Mainpuri",
    "Mathura",
    "Mau",
    "Meerut",
    "Mirzapur",
    "Moradabad",
    "Muzaffarnagar",
    "Pilibhit",
    "Pratapgarh",
    "Rae Bareli",
    "Ramabai Nagar",
    "Rampur",
    "Saharanpur",
    "Sant Kabir Nagar",
    "Sant Ravidas Nagar",
    "Shahjahanpur",
    "Shrawasti",
    "Siddharth Nagar",
    "Sitapur",
    "Sonbhadra",
    "Sultanpur",
    "Unnao",
    "Varanasi"
  ],
  "Uttarakhand": [
    "Almora",
    "Bageshwar",
    "Chamoli",
    "Champawat",
    "Dehradun",
    "Garhwal",
    "Haridwar",
    "Nainital",
    "Pithoragarh",
    "Rudraprayag",
    "Tehri Garhwal",
    "Udham Singh Nagar",
    "Uttarkashi"
  ],
  "West Bengal": [
    "Bankura",
    "Barddhaman",
    "Birbhum",
    "Dakshin Dinajpur",
    "Darjiling",
    "Haora",
    "Hugli",
    "Jalpaiguri",
    "Koch Bihar",
    "Kolkata",
    "Maldah",
    "Murshidabad",
    "Nadia",
    "North 24 Parganas",
    "Pashchim Medinipur",
    "Purba Medinipur",
    "Puruliya",
    "South 24 Parganas",
    "Uttar Dinajpur"
  ],
  "Andaman & Nicobar Islands": [
    "Nicobars",
    "North & Middle Andaman",
    "South Andaman"
  ]
}